[
  {
    "id": 1,
    "numero": 1,
    "stato": "libero"
  },
  {
    "id": 2,
    "numero": 2,
    "stato": "libero"
  },
  {
    "id": 3,
    "numero": 3,
    "stato": "libero"
  },
  {
    "id": 4,
    "numero": 4,
    "stato": "libero"
  },
  {
    "id": 5,
    "numero": 5,
    "stato": "libero"
  },
  {
    "id": 6,
    "numero": 6,
    "stato": "libero"
  },
  {
    "id": 7,
    "numero": 7,
    "stato": "libero"
  },
  {
    "id": 8,
    "numero": 8,
    "stato": "libero"
  },
  {
    "id": 9,
    "numero": 9,
    "stato": "libero"
  },
  {
    "id": 10,
    "numero": 10,
    "stato": "libero"
  },
  {
    "id": 11,
    "numero": 11,
    "stato": "libero"
  },
  {
    "id": 12,
    "numero": 12,
    "stato": "libero"
  },
  {
    "id": 13,
    "numero": 13,
    "stato": "libero"
  },
  {
    "id": 14,
    "numero": 14,
    "stato": "libero"
  },
  {
    "id": 15,
    "numero": 15,
    "stato": "libero"
  },
  {
    "id": 16,
    "numero": 16,
    "stato": "libero"
  },
  {
    "id": 17,
    "numero": 17,
    "stato": "libero"
  },
  {
    "id": 18,
    "numero": 18,
    "stato": "libero"
  },
  {
    "id": 19,
    "numero": 19,
    "stato": "libero"
  },
  {
    "id": 20,
    "numero": 20,
    "stato": "libero"
  }
]